{
  "version": "2022.1",
  "applications": [],
  "platforms": [
    {
      "name": "design_1_wrapper"
    }
  ],
  "systems": [
    {
      "name": "cdma_edt_system",
      "platform": "C:/work/vivado/sample_proj/sdk/design_1_wrapper/export/design_1_wrapper/design_1_wrapper.xpfm",
      "sysConfig": "design_1_wrapper",
      "buildConfig": "Debug",
      "applications": [
        {
          "name": "cdma_edt",
          "platform": "C:/work/vivado/sample_proj/sdk/design_1_wrapper/export/design_1_wrapper/design_1_wrapper.xpfm",
          "platformPath": "C:\\work\\vivado\\sample_proj\\sdk\\design_1_wrapper\\export\\design_1_wrapper",
          "sysConfig": "design_1_wrapper",
          "domain": "standalone_ps7_cortexa9_0",
          "system": "cdma_edt_system"
        }
      ],
      "platformPath": "C:\\work\\vivado\\sample_proj\\sdk\\design_1_wrapper\\export\\design_1_wrapper"
    },
    {
      "name": "hello_world_system",
      "platform": "C:/work/vivado/sample_proj/sdk/design_1_wrapper/export/design_1_wrapper/design_1_wrapper.xpfm",
      "sysConfig": "design_1_wrapper",
      "buildConfig": "Debug",
      "applications": [
        {
          "name": "hello_world",
          "platform": "C:/work/vivado/sample_proj/sdk/design_1_wrapper/export/design_1_wrapper/design_1_wrapper.xpfm",
          "platformPath": "C:\\work\\vivado\\sample_proj\\sdk\\design_1_wrapper\\export\\design_1_wrapper",
          "sysConfig": "design_1_wrapper",
          "domain": "standalone_ps7_cortexa9_0",
          "system": "hello_world_system"
        }
      ],
      "platformPath": "C:\\work\\vivado\\sample_proj\\sdk\\design_1_wrapper\\export\\design_1_wrapper"
    },
    {
      "name": "xaxicdma_example_simple_intr_1_system",
      "platform": "C:/work/vivado/sample_proj/sdk/design_1_wrapper/export/design_1_wrapper/design_1_wrapper.xpfm",
      "sysConfig": "design_1_wrapper",
      "buildConfig": "Debug",
      "applications": [
        {
          "name": "xaxicdma_example_simple_intr_1",
          "platform": "C:/work/vivado/sample_proj/sdk/design_1_wrapper/export/design_1_wrapper/design_1_wrapper.xpfm",
          "platformPath": "C:\\work\\vivado\\sample_proj\\sdk\\design_1_wrapper\\export\\design_1_wrapper",
          "sysConfig": "design_1_wrapper",
          "domain": "standalone_ps7_cortexa9_0",
          "system": "xaxicdma_example_simple_intr_1_system"
        }
      ],
      "platformPath": "C:\\work\\vivado\\sample_proj\\sdk\\design_1_wrapper\\export\\design_1_wrapper"
    },
    {
      "name": "xaxicdma_example_simple_poll_1_system",
      "platform": "C:/work/vivado/sample_proj/sdk/design_1_wrapper/export/design_1_wrapper/design_1_wrapper.xpfm",
      "sysConfig": "design_1_wrapper",
      "buildConfig": "Debug",
      "applications": [
        {
          "name": "xaxicdma_example_simple_poll_1",
          "platform": "C:/work/vivado/sample_proj/sdk/design_1_wrapper/export/design_1_wrapper/design_1_wrapper.xpfm",
          "platformPath": "C:\\work\\vivado\\sample_proj\\sdk\\design_1_wrapper\\export\\design_1_wrapper",
          "sysConfig": "design_1_wrapper",
          "domain": "standalone_ps7_cortexa9_0",
          "system": "xaxicdma_example_simple_poll_1_system"
        }
      ],
      "platformPath": "C:\\work\\vivado\\sample_proj\\sdk\\design_1_wrapper\\export\\design_1_wrapper"
    }
  ],
  "others": []
}